Hisseler,Unnamed: 1,Son,Değişim Yüzde,Hacim (TL),Saat,stock
A1CAP A1 CAPITAL YATIRIM,,970,374,"176.197.185,81",15:51,A1CAP
A1YEN A1 YENILENEBILIR ENERJI,,3222,216,"67.235.838,26",15:51,A1YEN
ADEL ADEL KALEMCILIK,,3464,99,"62.128.748,00",15:51,ADEL
ADGYO ADRA GMYO,,5915,77,"49.575.253,20",15:51,ADGYO
AEFES ANADOLU EFES,,1559,0,"745.894.724,86",15:51,AEFES
AFYON AFYON CIMENTO,,1398,58,"26.835.016,04",15:51,AFYON
AGESA AGESA HAYAT EMEKLILIK,,17010,-29,"23.481.524,10",15:50,AGESA
AGHOL ANADOLU GRUBU HOLDING,,2834,-125,"174.967.985,68",15:51,AGHOL
AGROT AGROTECH TEKNOLOJI,,823,49,"77.425.423,40",15:51,AGROT
AGYO ATAKULE GMYO,,799,244,"7.918.349,64",15:49,AGYO
AHGAZ AHLATCI DOGALGAZ,,3332,208,"66.022.915,66",15:51,AHGAZ
AKBNK AKBANK,,6805,210,"5.559.669.495,75",15:51,AKBNK
AKENR AKENERJI,,1120,63,"73.551.810,29",15:51,AKENR
AKFGY AKFEN GMYO,,277,36,"72.129.924,91",15:51,AKFGY
AKFIS AKFEN INSAAT,,2380,25,"44.641.933,82",15:51,AKFIS
AKGRT AKSIGORTA,,639,127,"109.028.034,59",15:51,AKGRT
AKMGY AKMERKEZ GMYO,,24690,-439,"20.973.380,15",15:51,AKMGY
AKSGY AKIS GMYO,,726,97,"29.250.630,70",15:51,AKSGY
AKSUE AKSU ENERJI,,1966,-135,"8.474.692,11",15:48,AKSUE
ALARK ALARKO HOLDING,,8580,70,"285.138.692,40",15:51,ALARK
ALCAR ALARKO CARRIER,,"1.046,00",116,"43.129.103,00",15:50,ALCAR
ALFAS ALFA SOLAR ENERJI,,4952,77,"104.504.826,64",15:51,ALFAS
ALGYO ALARKO GMYO,,2196,46,"30.576.738,82",15:51,ALGYO
ALTINS1 DARPHANE ALTIN SERTIFIKASI,,5986,243,"1.332.879.827,41",15:51,ALTINS1
ANELE ANEL ELEKTRIK,,2138,309,"31.973.361,32",15:51,ANELE
ANHYT ANADOLU HAYAT EMEK.,,9185,-60,"94.905.282,30",15:51,ANHYT
ANSGR ANADOLU SIGORTA,,2194,252,"155.817.017,58",15:51,ANSGR
ARCLK ARCELIK,,13550,-73,"406.560.950,80",15:51,ARCLK
ARMGD ARMADA GIDA,,3440,171,"72.148.192,18",15:51,ARMGD
ARSAN ARSAN TEKSTIL,,300,-99,"84.637.762,52",15:51,ARSAN
ARTMS ARTEMIS HALI,,3702,-48,"42.620.920,70",15:51,ARTMS
ARZUM ARZUM EV ALETLERI,,305,0,"80.792.063,40",15:51,ARZUM
ASGYO ASCE GMYO,,1376,51,"64.345.720,90",15:51,ASGYO
ASTOR ASTOR ENERJI,,10820,-146,"2.082.659.189,20",15:51,ASTOR
ATAGY ATA GMYO,,1453,83,"4.935.761,78",15:51,ATAGY
ATATP ATP YAZILIM,,15910,298,"137.280.406,70",15:51,ATATP
ATEKS AKIN TEKSTIL,,8420,0,"467.815,20",13:55,ATEKS
ATLAS ATLAS YAT. ORT.,,672,386,"9.493.032,24",15:51,ATLAS
ATSYH ATLANTIS YATIRIM HOLDING,,6100,903,"4.495.178,60",13:55,ATSYH
AVGYO AVRASYA GMYO,,1414,-153,"4.156.505,88",15:51,AVGYO
AVHOL AVRUPA YATIRIM HOLDING,,4906,212,"108.452.660,06",15:51,AVHOL
AVOD A.V.O.D GIDA VE TARIM,,435,-225,"89.469.943,30",15:51,AVOD
AVTUR AVRASYA PETROL VE TUR.,,1563,39,"7.277.841,42",15:47,AVTUR
AYCES ALTINYUNUS CESME,,48775,104,"17.494.095,25",15:49,AYCES
AYDEM AYDEM ENERJI,,1984,431,"100.126.336,33",15:51,AYDEM
AYES AYES CELIK HASIR VE CIT,,1555,367,"1.380.842,15",13:55,AYES
AYGAZ AYGAZ,,18720,103,"69.032.447,40",15:51,AYGAZ
AZTEK AZTEK TEKNOLOJI,,6030,994,"125.563.495,35",15:51,AZTEK
BAGFS BAGFAS,,3692,16,"56.145.345,98",15:51,BAGFS
BALAT BALATACILAR BALATACILIK,,7455,205,"2.881.670,15",13:55,BALAT
BALSU BALSU GIDA,,2474,164,"142.005.041,84",15:51,BALSU
BARMA BAREM AMBALAJ,,2204,36,"43.952.074,54",15:51,BARMA
BASCM BASTAS BASKENT CIMENTO,,1757,-206,"3.060.141,21",13:55,BASCM
BAYRK BAYRAK TABAN SANAYI,,3654,-323,"148.220.698,02",15:47,BAYRK
BESLR BESLER GIDA,,1454,48,"56.491.486,59",15:51,BESLR
BFREN BOSCH FREN SISTEMLERI,,19560,166,"67.249.745,70",15:51,BFREN
BIGCH BUYUK SEFLER BIGCHEFS,,6010,-291,"244.681.889,25",15:51,BIGCH
BIGEN BIRLESIM GRUP ENERJI,,1203,143,"178.137.122,03",15:51,BIGEN
BIOEN BIOTREND CEVRE VE ENERJI,,2704,37,"52.486.256,76",15:51,BIOEN
BIZIM BIZIM MAGAZALARI,,2808,-14,"20.283.003,24",15:51,BIZIM
BJKAS BESIKTAS FUTBOL YAT.,,221,-221,"236.729.733,27",15:51,BJKAS
BLCYT BILICI YATIRIM,,2282,-26,"26.181.668,86",15:50,BLCYT
BMSCH BMS CELIK HASIR,,1538,253,"29.814.084,79",15:49,BMSCH
BNTAS BANTAS AMBALAJ,,751,81,"27.883.876,80",15:51,BNTAS
BOBET BOGAZICI BETON SANAYI,,2052,-125,"93.936.620,06",15:51,BOBET
BRISA BRISA,,8075,56,"27.788.727,45",15:51,BRISA
BRKO BIRKO MENSUCAT,,960,-52,"7.092.911,55",13:55,BRKO
BRKVY BIRIKIM VARLIK YONETIM,,8910,-45,"77.536.962,55",15:51,BRKVY
BRMEN BIRLIK MENSUCAT,,1350,530,"2.559.049,72",13:55,BRMEN
BRSAN BORUSAN BORU SANAYI,,46775,-37,"311.564.954,75",15:51,BRSAN
BRYAT BORUSAN YAT. PAZ.,,"2.470,00",-60,"170.980.348,50",15:51,BRYAT
BTCIM BATI CIMENTO,,476,-42,"900.105.548,48",15:51,BTCIM
BULGS BULLS GSYO,,3670,552,"300.264.026,52",15:51,BULGS
BVSAN BULBULOGLU VINC,,11460,-78,"61.826.445,30",15:51,BVSAN
BYDNR BAYDONER RESTORANLARI,,2540,111,"21.654.065,96",15:51,BYDNR
CASA CASA EMTIA PETROL,,10490,175,"2.064.919,80",13:55,CASA
CATES CATES ELEKTRIK,,3484,93,"26.193.042,56",15:51,CATES
CCOLA COCA COLA ICECEK,,4798,50,"299.130.607,82",15:51,CCOLA
CEMAS CEMAS DOKUM,,740,-80,"254.049.743,52",15:51,CEMAS
CEOEM CEO EVENT MEDYA,,3850,-128,"60.602.096,64",15:51,CEOEM
CLEBI CELEBI,,"1.607,00",12,"106.379.556,00",15:51,CLEBI
CMENT CIMENTAS,,41000,393,"2.107.577,00",13:55,CMENT
CONSE CONSUS ENERJI,,358,199,"31.859.123,71",15:50,CONSE
CRDFA CREDITWEST FAKTORING,,2096,470,"25.495.250,99",15:51,CRDFA
CRFSA CARREFOURSA,,8625,141,"35.615.504,10",15:49,CRFSA
CUSAN CUHADAROGLU METAL,,3470,206,"16.713.388,76",15:49,CUSAN
DAGI DAGI GIYIM,,850,35,"47.996.514,73",15:51,DAGI
DARDL DARDANEL,,290,35,"104.628.043,10",15:50,DARDL
DENGE DENGE HOLDING,,316,569,"180.294.862,49",15:51,DENGE
DERHL DERLUKS YATIRIM HOLDING,,2034,-155,"146.279.664,72",15:51,DERHL
DERIM DERIMOD,,4176,-365,"60.026.021,94",15:51,DERIM
DESA DESA DERI,,1524,-39,"38.512.600,27",15:51,DESA
DEVA DEVA HOLDING,,6745,112,"23.849.108,20",15:49,DEVA
DGGYO DOGUS GMYO,,3438,76,"2.494.572,58",15:50,DGGYO
DIRIT DIRITEKS DIRILIS TEKSTIL,,3166,-264,"2.921.722,78",13:55,DIRIT
DITAS DITAS DOGAN,,3522,-455,"28.130.700,44",15:51,DITAS
DMLKTG EMLAK KONUT DAMLA KENT GMS,,599,50,"157.562.400,32",15:51,DMLKTG
DMRGD DMR UNLU MAMULLER,,2944,-121,"59.058.520,08",15:50,DMRGD
DNISI DINAMIK ISI MAKINA YALITIM,,2428,75,"71.037.228,50",15:51,DNISI
DOAS DOGUS OTOMOTIV,,18140,28,"372.804.507,20",15:51,DOAS
DOBUR DOGAN BURDA,,35575,-313,"104.511.292,00",15:51,DOBUR
DOCO DO-CO,,"11.007,50",159,"40.229.720,00",15:51,DOCO
DOHOL DOGAN HOLDING,,1801,508,"348.517.213,88",15:51,DOHOL
DOKTA DOKTAS DOKUMCULUK,,2986,-305,"49.988.168,46",15:50,DOKTA
DSTKF DESTEK FINANS FAKTORING,,63000,-909,"858.118.521,00",15:51,DSTKF
DURDO DURAN DOGAN BASIM,,405,-241,"33.232.237,66",15:51,DURDO
DZGYO DENIZ GMYO,,801,114,"92.109.430,25",15:51,DZGYO
ECILC ECZACIBASI ILAC,,7045,43,"341.890.745,75",15:51,ECILC
ECZYT ECZACIBASI YATIRIM,,23840,145,"43.226.259,00",15:51,ECZYT
EGEEN EGE ENDUSTRI,,"8.682,50",38,"120.981.587,50",15:51,EGEEN
EGEGY EGEYAPI AVRUPA GMYO,,2912,118,"31.720.026,32",15:51,EGEGY
EGSER EGE SERAMIK,,375,0,"16.016.948,67",15:50,EGSER
EKGYO EMLAK KONUT GMYO,,2046,79,"1.759.366.221,32",15:51,EKGYO
EKIZ EKIZ KIMYA,,10930,-537,"3.295.992,30",13:55,EKIZ
EKOS EKOS TEKNOLOJI,,2604,-8,"137.977.394,02",15:51,EKOS
EMKEL EMEK ELEKTRIK,,11530,-237,"478.971.509,20",15:51,EMKEL
EMNIS EMINIS AMBALAJ,,20610,188,"950.615,90",13:55,EMNIS
ENDAE ENDA ENERJI HOLDING,,1735,206,"55.266.505,39",15:51,ENDAE
ENKAI ENKA INSAAT,,7580,-13,"824.244.793,05",15:51,ENKAI
ENSRI ENSARI SINAI YATIRIMLAR,,10470,-169,"57.452.154,60",15:51,ENSRI
ENTRA IC ENTERRA YEN. ENERJI,,1212,25,"150.237.737,11",15:51,ENTRA
EPLAS EGEPLAST,,722,344,"86.878.392,96",15:50,EPLAS
ERBOS ERBOSAN,,20460,-154,"29.855.353,10",15:51,ERBOS
ERCB ERCIYAS CELIK BORU,,8255,104,"25.724.025,75",15:51,ERCB
ERSU ERSU GIDA,,2026,201,"21.036.274,85",15:51,ERSU
ESCAR ESCAR FILO,,1971,440,"458.052.295,25",15:51,ESCAR
ESEN ESENBOGA ELEKTRIK,,1313,496,"294.686.170,40",15:51,ESEN
ETILR ETILER GIDA,,488,83,"41.531.769,80",15:51,ETILR
ETYAT EURO TREND YAT. ORT.,,1561,-195,"4.782.106,73",15:49,ETYAT
EUHOL EURO YATIRIM HOLDING,,1112,27,"2.688.659,78",13:55,EUHOL
EUKYO EURO KAPITAL YAT. ORT.,,1531,999,"18.572.061,03",15:51,EUKYO
EUREN EUROPEN ENDUSTRI,,972,705,"1.147.220.973,50",15:51,EUREN
EUYO EURO YAT. ORT.,,1407,50,"7.230.737,72",15:51,EUYO
FENER FENERBAHCE FUTBOL,,1283,-332,"834.354.455,15",15:51,FENER
FLAP FLAP KONGRE TOPLANTI HIZ.,,1053,19,"15.689.983,18",15:50,FLAP
FMIZP F-M IZMIT PISTON,,34275,-7,"28.080.732,25",15:51,FMIZP
FRIGO FRIGO PAK GIDA,,978,724,"167.766.751,57",15:51,FRIGO
FROTO FORD OTOSAN,,10540,-38,"1.613.702.628,20",15:51,FROTO
GARAN GARANTI BANKASI,,15110,209,"4.106.469.593,70",15:51,GARAN
GARFA GARANTI FAKTORING,,2876,235,"16.635.809,10",15:51,GARFA
GEDIK GEDIK Y. MEN. DEG.,,716,42,"35.832.146,34",15:51,GEDIK
GIPTA GIPTA OFIS KIRTASIYE,,14230,651,"216.771.401,90",15:51,GIPTA
GLBMD GLOBAL MEN. DEG.,,1365,-36,"4.201.755,50",15:47,GLBMD
GLCVY GELECEK VARLIK YONETIMI,,6895,-36,"41.019.479,65",15:51,GLCVY
GLRYH GULER YAT. HOLDING,,437,116,"38.383.105,81",15:51,GLRYH
GLYHO GLOBAL YAT. HOLDING,,886,103,"116.175.706,30",15:51,GLYHO
GMTAS GIMAT MAGAZACILIK,,2644,130,"15.641.906,34",15:51,GMTAS
GOZDE GOZDE GIRISIM,,2186,167,"47.776.628,94",15:50,GOZDE
GRNYO GARANTI YAT. ORT.,,1560,136,"1.224.535,65",13:55,GRNYO
GSDDE GSD DENIZCILIK,,1069,-175,"34.629.381,51",15:51,GSDDE
GSDHO GSD HOLDING,,495,102,"62.269.484,36",15:51,GSDHO
GSRAY GALATASARAY SPORTIF,,158,260,"951.430.611,08",15:51,GSRAY
GZNMI GEZINOMI SEYAHAT,,30225,-123,"162.866.893,75",15:51,GZNMI
HALKB T. HALK BANKASI,,2872,862,"2.422.720.542,36",15:51,HALKB
HATEK HATAY TEKSTIL,,1758,11,"24.490.885,62",15:51,HATEK
HDFGS HEDEF GIRISIM,,295,-167,"439.268.695,98",15:51,HDFGS
HEDEF HEDEF HOLDING,,3998,996,"409.423.995,64",15:44,HEDEF
HEKTS HEKTAS,,407,175,"668.917.536,55",15:51,HEKTS
HLGYO HALK GMYO,,399,364,"303.929.097,33",15:51,HLGYO
HTTBT HITIT BILGISAYAR,,5015,470,"41.914.951,15",15:50,HTTBT
HUBVC HUB GIRISIM,,289,176,"15.512.993,94",15:51,HUBVC
HUNER HUN YENILENEBILIR ENERJI,,395,102,"59.006.205,45",15:51,HUNER
HURGZ HURRIYET GZT.,,775,-77,"43.465.512,59",15:51,HURGZ
ICBCT ICBC TURKEY BANK,,1788,-6,"49.269.865,34",15:51,ICBCT
IDGYO IDEALIST GMYO,,400,-196,"7.817.648,06",15:51,IDGYO
IEYHO ISIKLAR ENERJI YAPI HOL.,,2466,566,"2.162.273.263,50",15:51,IEYHO
IHAAS IHLAS HABER AJANSI,,3916,26,"53.110.325,50",15:51,IHAAS
IHLGM IHLAS GAYRIMENKUL,,313,364,"329.366.629,95",15:51,IHLGM
INDES INDEKS BILGISAYAR,,839,244,"36.261.694,96",15:51,INDES
INFO INFO YATIRIM,,389,291,"78.888.292,49",15:51,INFO
INTEK INNOSA TEKNOLOJI,,37275,-191,"5.973.196,25",13:55,INTEK
INVEO INVEO YATIRIM HOLDING,,1178,-109,"86.258.484,64",15:51,INVEO
INVES INVESTCO HOLDING,,48525,-997,"10.757.022,00",15:50,INVES
IPEKE IPEK DOGAL ENERJI,,7180,559,"403.230.509,40",15:51,IPEKE
ISATR IS BANKASI (A),,000,0,000,18:10,ISATR
ISBIR ISBIR HOLDING,,11990,-172,"2.897.074,20",13:55,ISBIR
ISBTR IS BANKASI (B),,"670.550,00",1000,"9.260.040,00",13:55,ISBTR
ISCTR IS BANKASI (C),,1529,146,"5.789.070.520,12",15:51,ISCTR
ISFIN IS FIN.KIR.,,1768,97,"42.637.125,48",15:51,ISFIN
ISGSY IS GIRISIM,,8490,-24,"49.259.839,90",15:51,ISGSY
ISGYO IS GMYO,,2004,55,"47.079.778,66",15:51,ISGYO
ISKPL ISIK PLASTIK,,713,394,"66.510.252,23",15:51,ISKPL
ISKUR IS BANKASI (KUR.),,000,0,000,18:10,ISKUR
ISMEN IS Y. MEN. DEG.,,4600,286,"333.407.963,62",15:51,ISMEN
ISYAT IS YAT. ORT.,,984,-209,"27.302.517,35",15:51,ISYAT
IZENR IZDEMIR ENERJI,,962,491,"322.219.151,89",15:51,IZENR
IZMDC IZMIR DEMIR CELIK,,771,-228,"125.345.541,50",15:51,IZMDC
KAPLM KAPLAMIN,,52700,996,"167.147.732,00",15:48,KAPLM
KAREL KAREL ELEKTRONIK,,1010,-98,"97.804.306,85",15:51,KAREL
KARTN KARTONSAN,,9030,135,"30.306.665,00",15:51,KARTN
KAYSE KAYSERI SEKER FABRIKASI,,2022,120,"64.800.913,98",15:50,KAYSE
KBORU KUZEY BORU,,1662,-107,"174.009.653,38",15:51,KBORU
KCHOL KOC HOLDING,,18560,114,"5.067.906.792,80",15:51,KCHOL
KENT KENT GIDA,,87000,0,"3.008.460,00",13:55,KENT
KERVN KERVANSARAY YAT. HOLDING,,286,178,"2.174.375,06",13:55,KERVN
KFEIN KAFEIN YAZILIM,,1034,58,"30.492.590,78",15:51,KFEIN
KGYO KORAY GMYO,,340,-29,"24.268.725,16",15:50,KGYO
KLGYO KILER GMYO,,645,-344,"147.884.587,00",15:51,KLGYO
KLKIM KALEKIM KIMYEVI MADDELER,,3766,140,"90.842.239,74",15:51,KLKIM
KLMSN KLIMASAN KLIMA,,4618,795,"66.964.215,14",15:51,KLMSN
KLNMA T. KALKINMA BANK.,,1253,187,"2.417.746,32",13:55,KLNMA
KLRHO KILER HOLDING,,11960,612,"1.344.976.015,40",15:51,KLRHO
KLSER KALESERAMIK,,3320,-12,"47.259.042,58",15:51,KLSER
KLYPV KALYON GUNES TEKNOLOJILERI,,6550,77,"48.079.876,40",15:51,KLYPV
KORDS KORDSA TEKNIK TEKSTIL,,6520,-23,"62.848.892,60",15:51,KORDS
KOZAA KOZA MADENCILIK,,8820,782,"875.865.922,15",15:51,KOZAA
KOZAL KOZA ALTIN,,2642,551,"2.807.361.728,82",15:51,KOZAL
KRTEK KARSU TEKSTIL,,3216,69,"22.789.620,08",15:48,KRTEK
KSTUR KUSTUR KUSADASI TURIZM,,"3.880,00",104,"2.458.880,00",13:55,KSTUR
KTSKR KUTAHYA SEKER FABRIKASI,,8710,513,"195.108.272,00",15:51,KTSKR
KUVVA KUVVA GIDA,,13770,-94,"1.413.875,00",13:55,KUVVA
KZGYO KUZUGRUP GMYO,,2474,57,"19.527.751,60",15:51,KZGYO
LIDER LDR TURIZM,,30800,90,"36.513.863,25",15:51,LIDER
LIDFA LIDER FAKTORING,,405,125,"38.614.202,59",15:51,LIDFA
LILAK LILA KAGIT,,3100,137,"107.719.360,38",15:51,LILAK
LINK LINK BILGISAYAR,,69850,-85,"55.302.417,00",15:50,LINK
LYDHO LYDIA HOLDING,,14250,379,"196.747.590,40",15:51,LYDHO
LYDYE LYDIA YESIL ENERJI,,"12.930,00",149,"18.185.887,50",15:48,LYDYE
MAALT MARMARIS ALTINYUNUS,,"1.235,00",266,"43.681.871,00",15:51,MAALT
MACKO MACKOLIK INTERNET HIZMETLERI,,4098,-135,"33.724.649,38",15:51,MACKO
MAGEN MARGUN ENERJI,,5825,273,"111.075.599,50",15:51,MAGEN
MAKTK MAKINA TAKIM,,1984,10,"83.276.288,63",15:51,MAKTK
MARMR MARMARA HOLDING,,239,963,"6.524.408,42",15:48,MARMR
MARTI MARTI OTEL,,405,-146,"108.680.188,90",15:51,MARTI
MEGAP MEGA POLIETILEN,,470,0,"5.636.700,60",13:55,MEGAP
MEGMT MEGA METAL,,3452,12,"79.383.296,36",15:51,MEGMT
MEPET METRO PETROL VE TESISLERI,,1516,-79,"6.120.393,23",15:51,MEPET
MERIT MERIT TURIZM,,2076,29,"197.332.689,84",15:50,MERIT
MERKO MERKO GIDA,,1585,319,"261.107.665,59",15:51,MERKO
METRO METRO HOLDING,,417,-24,"33.425.832,00",15:50,METRO
METUR BLUME METAL KIMYA,,5260,-75,"103.368.707,70",15:51,METUR
MGROS MIGROS TICARET,,45800,172,"828.078.524,25",15:51,MGROS
MHRGY MHR GMYO,,470,-42,"44.113.795,01",15:51,MHRGY
MIATK MIA TEKNOLOJI,,4696,303,"1.306.972.024,18",15:51,MIATK
MMCAS MMC SAN. VE TIC. YAT.,,8280,-78,"3.773.010,15",13:55,MMCAS
MOGAN MOGAN ENERJI,,1043,87,"69.714.827,49",15:51,MOGAN
MOPAS MOPAS MARKETCILIK,,3246,-43,"65.873.674,52",15:51,MOPAS
MRGYO MARTI GMYO,,361,-28,"215.634.020,13",15:51,MRGYO
MRSHL MARSHALL,,"2.180,00",999,"130.644.952,00",15:51,MRSHL
MSGYO MISTRAL GMYO,,626,-126,"15.646.299,91",15:51,MSGYO
MTRKS MATRIKS FINANSAL TEKNOLOJILER,,2996,432,"89.053.786,02",15:51,MTRKS
MTRYO METRO YAT. ORT.,,849,278,"2.382.386,94",15:37,MTRYO
MZHLD MAZHAR ZORLU HOLDING,,704,323,"4.345.358,56",15:51,MZHLD
NATEN NATUREL ENERJI,,995,485,"342.938.354,72",15:51,NATEN
NIBAS NIGBAS NIGDE BETON,,2490,-143,"27.274.706,50",15:51,NIBAS
NTHOL NET HOLDING,,4528,62,"88.900.125,18",15:51,NTHOL
NUGYO NUROL GMYO,,1154,9,"36.932.284,82",15:51,NUGYO
NUHCM NUH CIMENTO,,23440,51,"17.383.756,30",15:51,NUHCM
ODAS ODAS ELEKTRIK,,598,153,"191.131.737,65",15:51,ODAS
ODINE ODINE TEKNOLOJI,,15600,156,"102.786.817,40",15:51,ODINE
OFSYM OFIS YEM GIDA,,5980,84,"31.969.186,55",15:50,OFSYM
ONRYT ONUR TEKNOLOJI,,9165,409,"94.727.347,90",15:51,ONRYT
ORCAY ORCAY ORTAKOY CAY SANAYI,,955,-124,"3.942.676,67",15:50,ORCAY
ORMA ORMA ORMAN MAHSULLERI,,20740,746,"5.631.802,00",13:55,ORMA
OSMEN OSMANLI MENKUL,,938,-21,"18.382.704,72",15:51,OSMEN
OTKAR OTOKAR,,56200,312,"280.787.050,00",15:51,OTKAR
OTTO OTTO HOLDING,,47200,244,"57.908.240,00",15:50,OTTO
OYAKC OYAK CIMENTO,,2194,214,"628.594.416,50",15:51,OYAKC
OYAYO OYAK YAT. ORT.,,3840,350,"7.549.300,36",15:48,OYAYO
OYLUM OYLUM SINAI YATIRIMLAR,,1003,670,"12.481.731,11",15:51,OYLUM
OYYAT OYAK YATIRIM MENKUL,,4890,87,"25.232.170,39",15:50,OYYAT
OZATD OZATA DENIZCILIK,,23850,334,"163.359.071,90",15:51,OZATD
OZGYO OZDERICI GMYO,,356,56,"29.173.438,66",15:51,OZGYO
OZKGY OZAK GMYO,,1353,320,"46.766.812,11",15:51,OZKGY
PAGYO PANORA GMYO,,9155,83,"12.156.472,45",15:46,PAGYO
PAMEL PAMEL ELEKTRIK,,11210,-141,"19.188.357,60",15:51,PAMEL
PAPIL PAPILON SAVUNMA,,1877,146,"379.149.303,31",15:51,PAPIL
PATEK PASIFIK TEKNOLOJI,,3448,82,"1.012.670.763,44",15:51,PATEK
PCILT PC ILETISIM MEDYA,,3458,-103,"74.576.531,72",15:51,PCILT
PEKGY PEKER GMYO,,721,-41,"1.524.065.366,04",15:51,PEKGY
PGSUS PEGASUS,,23450,82,"2.764.714.400,40",15:51,PGSUS
PINSU PINAR SU,,1227,-168,"106.297.841,63",15:51,PINSU
PKENT PETROKENT TURIZM,,26200,480,"109.569.895,50",15:51,PKENT
PNLSN PANELSAN CATI CEPHE,,4530,62,"27.545.664,24",15:51,PNLSN
PNSUT PINAR SUT,,1400,0,"31.894.158,26",15:51,PNSUT
POLTK POLITEKNIK METAL,,"12.600,00",961,"160.198.455,00",15:51,POLTK
PRDGS PARDUS GIRISIM,,725,28,"21.325.117,85",15:51,PRDGS
PRKME PARK ELEK.MADENCILIK,,2144,9,"18.280.923,44",15:51,PRKME
PRZMA PRIZMA PRESS MATBAACILIK,,1495,-132,"5.792.563,41",15:50,PRZMA
PSDTC PERGAMON DIS TICARET,,16320,-400,"20.310.068,40",15:49,PSDTC
PSGYO PASIFIK GMYO,,338,-29,"359.204.510,34",15:51,PSGYO
QNBFK QNB FINANSAL KIRALAMA,,6150,336,"1.730.137,40",13:55,QNBFK
QNBTR QNB BANK,,50100,240,"4.373.573,00",13:55,QNBTR
RAYSG RAY SIGORTA,,25375,-10,"103.372.117,75",15:50,RAYSG
REEDR REEDER TEKNOLOJI,,1109,137,"300.275.965,77",15:51,REEDR
RGYAS RONESANS GAYRIMENKUL YAT.,,14480,-89,"106.892.059,80",15:51,RGYAS
RNPOL RAINBOW POLIKARBONAT,,4034,85,"9.065.257,70",15:51,RNPOL
ROYAL ROYAL HALI,,000,0,000,18:10,ROYAL
RTALB RTA LABORATUVARLARI,,374,54,"79.515.134,29",15:50,RTALB
RUZYE RUZY MADENCILIK VE ENERJI,,1211,449,"393.382.473,28",15:51,RUZYE
RYGYO REYSAS GMYO,,2122,-176,"63.166.614,80",15:51,RYGYO
RYSAS REYSAS LOJISTIK,,1499,94,"61.533.531,51",15:51,RYSAS
SAHOL SABANCI HOLDING,,9445,112,"1.540.033.095,00",15:51,SAHOL
SANEL SANEL MUHENDISLIK,,3074,463,"8.401.467,70",15:50,SANEL
SANFM SANIFOAM ENDUSTRI,,1955,77,"146.213.893,68",15:51,SANFM
SARKY SARKUYSAN,,1420,71,"87.996.683,10",15:51,SARKY
SASA SASA POLYESTER,,421,344,"8.150.481.633,16",15:51,SASA
SDTTR SDT UZAY VE SAVUNMA,,23220,656,"761.950.185,10",15:51,SDTTR
SEGMN SEGMEN KARDESLER GIDA,,2614,-210,"72.723.528,94",15:51,SEGMN
SEGYO SEKER GMYO,,491,-20,"27.617.879,32",15:51,SEGYO
SEKFK SEKER FIN. KIR.,,883,91,"5.207.261,52",15:51,SEKFK
SELGD DUNYA HOLDING,,8615,147,"12.223.568,70",15:51,SELGD
SERNT SERANIT GRANIT SERAMIK,,1134,125,"159.108.215,44",15:51,SERNT
SEYKM SEYITLER KIMYA,,771,145,"17.690.883,27",15:50,SEYKM
SISE SISE CAM,,4008,204,"1.545.222.298,64",15:51,SISE
SKBNK SEKERBANK,,750,-40,"394.047.097,50",15:51,SKBNK
SKTAS SOKTAS,,339,59,"72.824.353,71",15:51,SKTAS
SKYLP SKYALP FINANSAL TEKNOLOJILER,,13680,-44,"27.276.985,70",15:51,SKYLP
SKYMD SEKER YATIRIM,,1559,123,"83.598.667,66",15:51,SKYMD
SMRVA SUMER VARLIK YONETIM,,27175,65,"296.487.899,25",15:51,SMRVA
SNKRN SENKRON SIBER GUVENLIK YAZILIM,,23470,-59,"4.598.218,20",13:55,SNKRN
SNPAM SONMEZ PAMUKLU,,2470,292,"1.925.457,70",13:55,SNPAM
SODSN SODAS SODYUM SANAYII,,12500,425,"1.835.415,00",13:55,SODSN
SOKM SOK MARKETLER TICARET,,3744,92,"214.889.199,46",15:51,SOKM
SONME SONMEZ FILAMENT,,13970,1000,"25.695.709,80",15:47,SONME
SUMAS SUMAS SUNI TAHTA,,31500,-156,"1.466.247,50",13:55,SUMAS
SURGY SUR TATIL EVLERI GMYO,,4780,4,"87.246.762,42",15:51,SURGY
TABGD TAB GIDA,,23470,30,"112.213.312,60",15:51,TABGD
TARKM TARKIM BITKI KORUMA,,42900,41,"71.122.919,25",15:51,TARKM
TATEN TATLIPINAR ENERJI URETIM,,5920,94,"59.110.170,65",15:51,TATEN
TATGD TAT GIDA,,1352,135,"51.147.062,87",15:51,TATGD
TAVHL TAV HAVALIMANLARI,,24590,153,"474.286.293,70",15:51,TAVHL
TBORG T.TUBORG,,17780,-11,"55.021.524,60",15:51,TBORG
TCELL TURKCELL,,9830,134,"1.520.491.968,85",15:51,TCELL
TCKRC KIRAC GALVANIZ,,5495,368,"106.559.858,75",15:51,TCKRC
TEKTU TEK-ART TURIZM,,1827,-578,"824.125.402,87",15:51,TEKTU
TERA TERA YATIRIM MENKUL DEGERLER,,62950,-462,"2.538.805.691,00",15:51,TERA
TGSAS TGS DIS TICARET,,19830,-279,"14.525.128,20",15:51,TGSAS
THYAO TURK HAVA YOLLARI,,32750,242,"10.592.930.057,50",15:51,THYAO
TKNSA TEKNOSA IC VE DIS TICARET,,2660,0,"62.661.090,08",15:51,TKNSA
TLMAN TRABZON LIMAN,,10870,65,"42.657.922,40",15:48,TLMAN
TMPOL TEMAPOL POLIMER PLASTIK,,17510,139,"63.996.636,60",15:51,TMPOL
TOASO TOFAS OTO. FAB.,,26750,85,"1.292.324.566,50",15:51,TOASO
TRCAS TURCAS HOLDING,,3782,413,"66.882.885,56",15:51,TRCAS
TRGYO TORUNLAR GMYO,,7300,34,"76.564.915,95",15:51,TRGYO
TRILC TURK ILAC SERUM,,2386,188,"81.950.300,28",15:51,TRILC
TSGYO TSKB GMYO,,812,74,"36.845.980,47",15:51,TSGYO
TSKB T.S.K.B.,,1409,159,"205.623.996,01",15:51,TSKB
TSPOR TRABZONSPOR SPORTIF,,131,-76,"562.965.402,02",15:51,TSPOR
TTKOM TURK TELEKOM,,5395,56,"1.147.642.558,20",15:51,TTKOM
TTRAK TURK TRAKTOR,,59750,110,"110.582.347,50",15:51,TTRAK
TURSG TURKIYE SIGORTA,,958,609,"176.491.854,30",15:51,TURSG
UFUK UFUK YATIRIM,,"1.149,00",995,"55.195.791,00",15:47,UFUK
ULAS ULASLAR TURIZM YAT.,,2874,-117,"13.467.236,10",15:49,ULAS
ULKER ULKER BISKUVI,,11160,118,"545.069.598,40",15:51,ULKER
ULUFA ULUSAL FAKTORING,,409,49,"45.975.164,30",15:50,ULUFA
ULUUN ULUSOY UN SANAYI,,810,100,"25.619.050,32",15:51,ULUUN
UMPAS UMPAS HOLDING,,000,0,000,18:10,UMPAS
UNLU UNLU YATIRIM HOLDING,,1603,477,"57.776.221,77",15:50,UNLU
VAKBN VAKIFLAR BANKASI,,2816,270,"2.924.372.943,82",15:51,VAKBN
VAKFN VAKIF FIN. KIR.,,212,392,"719.661.289,85",15:51,VAKFN
VBTYZ VBT YAZILIM,,2228,-54,"35.613.229,14",15:51,VBTYZ
VERTU VERUSATURK GIRISIM,,4268,-157,"148.237.531,86",15:51,VERTU
VERUS VERUSA HOLDING,,38275,255,"147.511.947,00",15:50,VERUS
VKFYO VAKIF YAT. ORT.,,2560,323,"11.311.880,22",15:51,VKFYO
VKGYO VAKIF GMYO,,253,120,"91.310.787,54",15:50,VKGYO
VKING VIKING KAGIT,,3188,473,"38.452.504,40",15:50,VKING
VRGYO VERA KONSEPT GMYO,,359,257,"127.612.702,47",15:51,VRGYO
YAPRK YAPRAK SUT VE BESI CIFT.,,31050,-48,"60.760.160,25",15:51,YAPRK
YAYLA YAYLA EN. UR. TUR. VE INS,,3620,33,"16.170.248,10",15:51,YAYLA
YBTAS YIBITAS INSAAT MALZEME,,3188,291,"12.899.285,60",13:55,YBTAS
YESIL YESIL YATIRIM HOLDING,,281,181,"202.338.348,69",15:51,YESIL
YGGYO YENI GIMAT GMYO,,11540,185,"28.413.262,00",15:51,YGGYO
YGYO YESIL GMYO,,902,0,"7.043.375,24",13:55,YGYO
YIGIT YIGIT AKU,,2878,127,"72.731.070,76",15:51,YIGIT
YKBNK YAPI VE KREDI BANK.,,3576,311,"4.356.934.019,22",15:51,YKBNK
YKSLN YUKSELEN CELIK,,629,414,"66.361.069,89",15:51,YKSLN
YONGA YONGA MOBILYA,,6665,-30,"4.334.962,60",13:55,YONGA
YYAPI YESIL YAPI,,211,293,"1.114.496.425,23",15:51,YYAPI
YYLGD YAYLA GIDA,,1133,53,"93.017.971,75",15:49,YYLGD
ZOREN ZORLU ENERJI,,374,54,"177.033.562,34",15:51,ZOREN
ZRGYO ZIRAAT GMYO,,2316,149,"20.213.376,86",15:50,ZRGYO
